{"nDygXJmYwCo5Jj5bBxFUhA==":"gcc'18-foto%20mayo-%20ok-1024x512.jpg","WLjGi+YE7SF51PR0673aJw==":"gcc'18-foto%20mayo-%20ok-1024x512.jpg","ibTBh8/ZFdYJAX2ErLoLBw==":"gcc'18-foto%20mayo-%20ok-1024x512.jpg","VyFrQhoKdN4CwtQClo6Ufg==":"gcc'18-foto%20mayo-%20ok-1024x512.jpg","eMA+JQVRQgTsKniO8o3NJA==":"gcc'18-foto%20mayo-%20ok-1024x512.jpg","GjiAt5YOEtc5WlHdm12q/g==":"gcc'18-foto%20mayo-%20ok-1024x512.jpg","TqgsV5ffZvy3H2A2QcIpAg==":"c536e48b05fdf0d83aa90daa447a9ba9_400x400%20(1)-400x400.jpg","g5D8VdRV9NdvrzFk9RcE3g==":"945501_10153564647083412_2227913179808444465_n-960x538.jpg","pvuCh/BT2EArvY1BW/FeUA==":"5816443-black-background-wallpaper-1920x1200.jpg","bQ16tUIiWdZcuET8bgYrBg==":"gcc'18-foto%20mayo-%20ok-1024x512.jpg","4YgaBU6WD1IrdEWHUv6TMQ==":"c536e48b05fdf0d83aa90daa447a9ba9_400x400%20(1)-122x122.jpg","mzHGpwj00AIDWL9PhJ6g5g==":"c536e48b05fdf0d83aa90daa447a9ba9_400x400%20(1)-122x122.jpg","UIQW2mVZXxjRaRrNA8SHHg==":"f-n%C3%A9stor-javier-mayo'18-436x289.jpg","7wQhVjVqfGwpF+ctahm6ag==":"50577e1f9b187b0-800x351.jpg","KmKDv1JugSLpzjhk9CnPHA==":"f-n%C3%A9stor-javier-mayo'18-1014x671.jpg","Os1hpkyKHdJTZJYYSjSiXg==":"01.jpg","Q8kyWdiPLYJ/4F1Ss+9IyA==":"03.jpg","D/MJwuutwIhlmcioKCvGqA==":"04.jpg","HoeEF4HfT9nMa9Cg+v0y1w==":"02.jpg","ihlkf69UyfSmhSyJ1Jvc6w==":"jumbotron.jpg","2UNgcuaaoO9tk7omGb6jcg==":"20180612-152614-348x261.jpg","mE6OLbtSop3mOqcIOKciFA==":"20180612-153616-348x261.jpg","8sz4NHhIJHeeHLxQkOkE3g==":"20180612-153227-348x261.jpg","fWWUtOmgHEqvGLSItoRhvw==":"20180612-152725-348x261.jpg","IasRn9Vygdz8xkldY9euhA==":"20180612-152230-348x261.jpg","c1KxnyiyxxLImv/hbC9Oow==":"20180612-153306-348x261.jpg","/frCSKmgkR71r5w4WA9Crw==":"20180612-152321-348x261.jpg","zHJOKPdbYEw5Ml70Ls/OPQ==":"20180612-152628-348x261.jpg","YIy0iQj7qd0xgkKxar8KPw==":"20180612-152647-348x261.jpg","qrs1XTBBOda/3WRgpbNI2Q==":"20180612-152149-348x261.jpg","Ub3XRCeguySnxy0zGzhtwg==":"20180612-153134-348x261.jpg","sLEKMibZ3QzXI7t8lfFchA==":"20180612-152854-348x261.jpg","IZI7Z+DMh2gl+sEOgqWNMg==":"mbr-348x522.jpg","UtxsEkIxsC+DAiHzPu2t6w==":"20180612-152253-348x261.jpg","HfeqbdtYlG2gNfdT8FyOOQ==":"mbr-1-348x522.jpg","tJenHRHSAtRNqI0Ze/qajw==":"mbr-2-348x522.jpg","p4jDicZN/A7NBdskHiwyNg==":"mbr-3-348x522.jpg","e/Y8mrAU60+ZqZVlCsry2w==":"mbr-4-348x522.jpg","OmSTB12hthjXAvh4wWjDbA==":"mbr-5-348x522.jpg","qP5G91hgaDVz0iZuuiQrpg==":"20180612-153254-348x261.jpg","6D3JpLVtnWQiEi0c0m6R+A==":"20180612-152434-348x261.jpg","eD9T4+lg9cr6zrs29iUAIQ==":"20180612-153504-348x261.jpg","xEMK2tAQeDegiGrM3Ajo0w==":"20180612-152743-348x261.jpg","jac81aSGr1SkpU7kIhYYfw==":"20180612-152416-348x261.jpg","V1JWKE9GLaqrsKWEU7ezAg==":"20180612-153604-348x261.jpg","BkdV26POyy57pYVayI2xAw==":"20180612-152308-348x261.jpg","Dg2Ix067+4qXLt6Y2a7w3A==":"20180612-152347-348x261.jpg","ArYjfmsABIoU21t0ny9pZA==":"20180612-162743-348x261.jpg","0tvZIfBq2+czk96uBtVX0g==":"20180612-162949-436x327.jpg","5tPfq4Cf7zrN3nLbad6CwQ==\n":"claudia fanego.jpg-596x447.jpg","OBgUebTTz7oClPOFQnaufg==\n":"30dejuniogcc.jpg-596x499.jpg","VjGGrsJmXDv1Y/jB8Kj4Ng==\n":"5816443-black-background-wallpaper-1-1920x1200.jpg","GXbwj0mAv80WWdmRjNLBhA==\n":"5816443-black-background-wallpaper-1920x1200.jpg-1920x1200.jpg","0/RVz+0cf/YQ5CBGYtACOA==\n":"1dejuliogcc.jpg-596x499.jpg"}